handleId,fieldType,name,description,productImageUrl,collection,sku,ribbon,price,surcharge,visible,discountMode,discountValue,inventory,weight,productOptionName1,productOptionType1,productOptionDescription1,customTextField1,customTextCharLimit1,customTextMandatory1
,Product,Ultra Suede Sculpting Lip Pencil,The Ultra Suede Sculpting Lip Pencil defines and shapes lips with a smooth creamy matte formula that feels comfortable all day. Its lip-lock technology prevents feathering keeping your look precise and long-lasting.,https://cdn.shopify.com/s/files/1/0766/5254/4213/files/Untitleddesign_41.png?v=1758500613,Makeup,,New,20.00,,TRUE,PERCENT,0,infinite,0.1,,,,,,
,Product,Loose Translucent Setting Powder,A weightless ultra-fine loose powder that perfects and sets your makeup with a soft matte or radiant finish. The silky texture blurs pores and fine lines while controlling shine. Infused with vitamins C and E plus oil-absorbing minerals.,https://cdn.shopify.com/s/files/1/0766/5254/4213/files/Untitleddesign-2025-09-28T100452.113_220ca1fe-312d-456a-850d-a1a5587c86ad.png?v=1758500684,Makeup,,,26.00,,TRUE,PERCENT,0,infinite,0.2,,,,,,
,Product,Moisture Matte Longwear Lipstick,A richly pigmented lipstick that delivers bold saturated color with a soft velvety-matte finish. The creamy formula glides on effortlessly and locks in lasting moisture for comfortable all-day wear.,https://cdn.shopify.com/s/files/1/0766/5254/4213/files/Untitleddesign_13.png?v=1758500687,Makeup,,,22.00,,TRUE,PERCENT,0,infinite,0.1,,,,,,
,Product,Velvet Blur Soft Focus Foundation,A luxuriously soft weightless foundation that blurs imperfections and creates a smooth airbrushed finish. Its velvety texture melts into skin delivering buildable medium-to-full coverage that feels breathable and looks naturally radiant all day.,https://cdn.shopify.com/s/files/1/0766/5254/4213/files/Untitled_800_x_800_px_5_e9ca0f05-e90a-4203-97b7-0a1199a35e02.png?v=1758500688,Makeup,,,42.00,,TRUE,PERCENT,0,infinite,0.3,,,,,,
,Product,Velvet Trap Liquid Lipstick,A high-impact liquid lipstick that delivers intense velvety color with a lightweight long-wearing formula. Glides on smoothly and dries to a soft-focus matte finish that stays put without feathering or fading.,https://cdn.shopify.com/s/files/1/0766/5254/4213/files/velvettrap.png?v=1758500690,Makeup,,,19.00,,TRUE,PERCENT,0,infinite,0.1,,,,,,
,Product,Lip Pencil,A creamy precision lip liner that defines and shapes with ease. The smooth formula glides on effortlessly to prevent feathering and enhance the natural contour of your lips for a polished long-lasting look.,https://cdn.shopify.com/s/files/1/0766/5254/4213/files/Untitled_design_-_2025-09-28T214835.058.png?v=1758500692,Makeup,,,15.00,,TRUE,PERCENT,0,infinite,0.05,,,,,,
,Product,Velour Lip Liner,An ultra-creamy lip liner that glides on like velvet delivering precise definition and rich color. Its velvety texture prevents feathering and enhances lip shape for a flawless finish that lasts all day.,https://cdn.shopify.com/s/files/1/0766/5254/4213/files/Untitleddesign_7.png?v=1758500698,Makeup,,,18.00,,TRUE,PERCENT,0,infinite,0.05,,,,,,
,Product,Lip Injection Extreme Lip Plumper,An advanced lip plumper that delivers instant and long-term volume with a tingly cooling sensation. Infused with powerful peptides and hyaluronic acid it visibly enhances fullness while keeping lips hydrated and smooth.,https://cdn.shopify.com/s/files/1/0766/5254/4213/files/Untitleddesign-2025-09-30T181303.941.png?v=1758500700,Lip Care,,,28.00,,TRUE,PERCENT,0,infinite,0.1,,,,,,
,Product,Better Than Sex Volumizing & Lengthening Mascara,A cult-favorite mascara that delivers dramatic volume and incredible length with every swipe. The hourglass-shaped brush coats each lash from root to tip creating a full bold look that lasts all day without smudging or flaking.,https://cdn.shopify.com/s/files/1/0766/5254/4213/files/Untitleddesign-2025-09-27T124409.163.png?v=1758500701,Makeup,,,29.00,,TRUE,PERCENT,0,infinite,0.1,,,,,,
,Product,All-In-One Luxe Sponge,A versatile multi-use beauty sponge designed to blend seamlessly for a flawless airbrushed finish. Its ultra-soft texture and unique shape work perfectly with liquids creams and powders giving you professional-quality results every time.,https://cdn.shopify.com/s/files/1/0766/5254/4213/files/Untitled_design_62.png?v=1758500702,Tools & Brushes,,,12.00,,TRUE,PERCENT,0,infinite,0.05,,,,,,
,Product,Id√¥le Aura Eau de Parfum Travel Spray,A captivating floral fragrance that radiates confidence and femininity. This travel-friendly spray features luminous notes of rose paired with a sophisticated blend of fresh florals and warm musks creating an aura of modern elegance wherever you go.,https://cdn.shopify.com/s/files/1/0766/5254/4213/files/idole_travel.png?v=1758500704,Fragrance,,,48.00,,TRUE,PERCENT,0,infinite,0.15,,,,,,
,Product,Benefit Brow Microfilling Eyebrow Pen,A precision eyebrow pen with an ultra-fine tip that mimics natural hair strokes filling in sparse areas for fuller-looking brows. The long-lasting waterproof formula ensures your brows stay defined and flawless all day.,https://cdn.shopify.com/s/files/1/0766/5254/4213/files/benefitbrow.png?v=1758500706,Makeup,,,27.00,,TRUE,PERCENT,0,infinite,0.05,,,,,,
,Product,Born To Run Eyeshadow Palette,A high-performance eyeshadow palette packed with richly pigmented shades in a mix of mattes shimmers and metallics. Designed for versatility and staying power this palette lets you create endless eye looks from soft neutrals to bold dramatic statements.,https://cdn.shopify.com/s/files/1/0766/5254/4213/files/Untitleddesign_1.png?v=1758500707,Makeup,,,54.00,,TRUE,PERCENT,0,infinite,0.3,,,,,,
,Product,Tinted Serum Foundation,A lightweight skin-perfecting serum foundation that combines skincare benefits with natural-looking coverage. Infused with hydrating ingredients it evens out skin tone while nourishing and protecting for a fresh healthy glow.,https://cdn.shopify.com/s/files/1/0766/5254/4213/files/SERUMTEINTE_73.png?v=1758500709,Makeup,,,52.00,,TRUE,PERCENT,0,infinite,0.2,,,,,,
,Product,Vanilla Woods Fine Fragrance Mist,A warm and inviting body mist that blends creamy vanilla with earthy woods and a touch of soft musk. This long-lasting fragrance mist refreshes and scents your skin with a cozy comforting aroma perfect for everyday wear.,https://cdn.shopify.com/s/files/1/0766/5254/4213/files/Untitleddesign-2025-09-24T182903.163-Copy.png?v=1758500710,Fragrance,,,16.00,,TRUE,PERCENT,0,infinite,0.2,,,,,,
,Product,Realizing Things Hair Spray,A flexible hold hairspray that keeps your style in place without stiffness or crunch. Perfect for adding texture and volume this lightweight formula brushes out easily and resists humidity for all-day confidence.,https://cdn.shopify.com/s/files/1/0766/5254/4213/files/realizingthings.png?v=1758500711,Hair Care,,,29.00,,TRUE,PERCENT,0,infinite,0.3,,,,,,
,Product,Glazed Donut Skin Sheer Glow Serum,A nourishing serum that delivers a luminous glazed-donut glow to your skin. Infused with hydrating ingredients and light-reflecting pearls it smooths and brightens while giving you that coveted dewy radiant finish.,https://cdn.shopify.com/s/files/1/0766/5254/4213/files/glazeddonut.png?v=1758500713,Skin Care,,,38.00,,TRUE,PERCENT,0,infinite,0.15,,,,,,
,Product,Top Tier Hair Smoothing Treatment,A professional-grade smoothing treatment that transforms frizzy unruly hair into sleek glossy strands. This intensive formula deeply nourishes and repairs while locking in moisture for long-lasting smoothness and shine.,https://cdn.shopify.com/s/files/1/0766/5254/4213/files/TOPTIER.png?v=1758500714,Hair Care,,,64.00,,TRUE,PERCENT,0,infinite,0.4,,,,,,
,Product,Dramatically Different Moisturizing Gel,A lightweight oil-free gel moisturizer that hydrates and strengthens skin without feeling heavy or greasy. Formulated for all skin types it absorbs quickly leaving skin soft smooth and balanced with a healthy radiant look.,https://cdn.shopify.com/s/files/1/0766/5254/4213/files/CliniqueGel.png?v=1758500715,Skin Care,,,32.00,,TRUE,PERCENT,0,infinite,0.2,,,,,,
,Product,Air Brush Flawless Finish Setting Powder,An ultra-fine translucent powder that sets makeup with an airbrushed photo-ready finish. The lightweight formula blurs imperfections and smooths skin texture while controlling shine for a flawless look that lasts all day.,https://cdn.shopify.com/s/files/1/0766/5254/4213/files/Untitleddesign-2025-09-27T184220.611.png?v=1758500716,Makeup,,,46.00,,TRUE,PERCENT,0,infinite,0.2,,,,,,
,Product,Gloss Bomb Universal Lip Luminizer Fussy,A universally flattering lip gloss that delivers explosive shine and a subtle plumping effect. The non-sticky formula glides on smoothly with a peach-vanilla scent leaving lips looking fuller glossier and irresistibly kissable.,https://cdn.shopify.com/s/files/1/0766/5254/4213/files/Untitleddesign-2025-09-27T181407.294.png?v=1758500718,Makeup,,,20.00,,TRUE,PERCENT,0,infinite,0.1,,,,,,
,Product,Laguna Bronzing Powder,A cult-classic bronzing powder that delivers a sun-kissed glow with a silky blendable formula. The warm golden tone adds natural-looking warmth and dimension to your complexion for a radiant healthy finish.,https://cdn.shopify.com/s/files/1/0766/5254/4213/files/nars.png?v=1758500719,Makeup,,,42.00,,TRUE,PERCENT,0,infinite,0.15,,,,,,
,Product,Delsol 40 SPF 40 Sunscreen Spray,A fast-absorbing sunscreen spray that provides broad-spectrum SPF 40 protection against harmful UVA and UVB rays. The lightweight non-greasy formula goes on clear and dries quickly making sun protection effortless for everyday wear.,https://cdn.shopify.com/s/files/1/0766/5254/4213/files/delsol40.png?v=1758500720,Skin Care,,,18.00,,TRUE,PERCENT,0,infinite,0.25,,,,,,
,Product,Maracuja Juicy Lip Plump,A hydrating lip treatment infused with maracuja oil that delivers a subtle plumping effect and nourishing shine. The juicy formula smooths and conditions lips while giving them a fuller more luscious appearance.,https://cdn.shopify.com/s/files/1/0766/5254/4213/files/Untitleddesign-2025-09-27T173914.748.png?v=1758500721,Lip Care,,,24.00,,TRUE,PERCENT,0,infinite,0.1,,,,,,
,Product,Miracle Balm Multi-Purpose Balm,A versatile multi-use balm that hydrates and soothes skin wherever you need it. Perfect for lips cheeks cuticles and dry patches this nourishing formula delivers instant moisture and a healthy natural glow.,https://cdn.shopify.com/s/files/1/0766/5254/4213/files/Untitleddesign-2025-09-27T170759.315.png?v=1758500722,Skin Care,,,22.00,,TRUE,PERCENT,0,infinite,0.1,,,,,,
,Product,Lift & Snatch Eyebrow Tint Pen,A precision brow pen with a micro-fine tip designed to create hair-like strokes for naturally fuller brows. The long-lasting tinted formula lifts and defines giving you a snatched sculpted look that stays put all day.,https://cdn.shopify.com/s/files/1/0766/5254/4213/files/Untitleddesign-2025-09-27T123322.286.png?v=1758500724,Makeup,,,18.00,,TRUE,PERCENT,0,infinite,0.05,,,,,,
,Product,Flawless Finish Weightless Powder Foundation,A finely milled powder foundation that delivers seamless buildable coverage with a natural matte finish. The lightweight formula blurs imperfections and evens skin tone without feeling heavy or cakey giving you a flawless airbrushed look.,https://cdn.shopify.com/s/files/1/0766/5254/4213/files/Untitleddesign-2025-09-27T112231.124.png?v=1758500725,Makeup,,,48.00,,TRUE,PERCENT,0,infinite,0.2,,,,,,
,Product,Boy Brow Volumizing Eyebrow Pomade,A cult-favorite brow pomade that tames grooms and volumizes brows in one easy step. The creamy wax-gel formula adds natural-looking fullness and hold keeping every hair in place for polished feathery brows that last all day.,https://cdn.shopify.com/s/files/1/0766/5254/4213/files/Untitleddesign-2025-09-26T204644.172.png?v=1758500726,Makeup,,,18.00,,TRUE,PERCENT,0,infinite,0.05,,,,,,
,Product,Honey Infused Hair Fragrance Mist,A lightweight hair mist infused with honey and floral notes that leaves your hair smelling sweet and fresh all day. This nourishing formula also adds a subtle shine without weighing hair down.,https://cdn.shopify.com/s/files/1/0766/5254/4213/files/Untitleddesign-2025-09-26T161711.140.png?v=1758500728,Hair Care,,,24.00,,TRUE,PERCENT,0,infinite,0.2,,,,,,
,Product,Thousand Wishes Fine Fragrance Mist,A sparkling fruity-floral body mist with notes of pink prosecco sparkling quince and crystal peonies. This enchanting fragrance refreshes and lightly scents your skin making every moment feel like a celebration.,https://cdn.shopify.com/s/files/1/0766/5254/4213/files/Untitleddesign-2025-09-25T185500.873.png?v=1758500729,Fragrance,,,16.00,,TRUE,PERCENT,0,infinite,0.2,,,,,,
,Product,Into The Night Fine Fragrance Mist,A bold and mysterious body mist featuring dark berries midnight blooms and rich amber. This captivating scent wraps you in an alluring veil of fragrance perfect for evening wear and making a lasting impression.,https://cdn.shopify.com/s/files/1/0766/5254/4213/files/Untitleddesign-2025-09-25T183518.735.png?v=1758500730,Fragrance,,,16.00,,TRUE,PERCENT,0,infinite,0.2,,,,,,
,Product,A Thousand Wishes Travel Size Body Lotion,A rich creamy body lotion infused with the sparkling scent of pink prosecco and crystal peonies. This travel-friendly formula deeply moisturizes and softens skin while leaving behind a light enchanting fragrance.,https://cdn.shopify.com/s/files/1/0766/5254/4213/files/Untitleddesign-2025-09-25T181921.158.png?v=1758500731,Body Care,,,8.00,,TRUE,PERCENT,0,infinite,0.15,,,,,,
,Product,Gingham Fine Fragrance Mist,A fresh clean scent with notes of blue freesia sweet clementine and soft musk. This bright and airy body mist captures the essence of a sunny day delivering a crisp refreshing fragrance that lasts for hours.,https://cdn.shopify.com/s/files/1/0766/5254/4213/files/Untitleddesign-2025-09-24T190640.441.png?v=1758500732,Fragrance,,,16.00,,TRUE,PERCENT,0,infinite,0.2,,,,,,
,Product,Japanese Cherry Blossom Fine Fragrance Mist,An iconic floral fragrance featuring delicate cherry blossoms Asian pear and sandalwood. This beloved body mist delivers a fresh romantic scent that transports you to a blooming spring garden with every spritz.,https://cdn.shopify.com/s/files/1/0766/5254/4213/files/Untitleddesign-2025-09-24T182755.556-Copy.png?v=1758500733,Fragrance,,,16.00,,TRUE,PERCENT,0,infinite,0.2,,,,,,
,Product,Cheek Heat Gel-Cream Blush,A lightweight gel-cream blush that melts into skin for a natural sun-kissed flush. The buildable formula blends seamlessly delivering a soft dewy finish that looks like you're glowing from within.,https://cdn.shopify.com/s/files/1/0766/5254/4213/files/Untitleddesign_98.png?v=1758500735,Makeup,,,32.00,,TRUE,PERCENT,0,infinite,0.1,,,,,,
,Product,Precision Pore Cleansing Pad,Gentle exfoliating pads infused with pore-refining ingredients that sweep away dead skin cells and impurities. These easy-to-use pads help minimize the appearance of pores leaving skin smoother brighter and refreshed.,https://cdn.shopify.com/s/files/1/0766/5254/4213/files/Untitleddesign_97.png?v=1758500736,Skin Care,,,28.00,,TRUE,PERCENT,0,infinite,0.15,,,,,,
,Product,Full Exposure Volumizing Mascara,A high-impact mascara that delivers maximum volume and dramatic length. The unique brush coats every lash with rich pigment creating bold full lashes that won't clump smudge or flake throughout the day.,https://cdn.shopify.com/s/files/1/0766/5254/4213/files/Untitleddesign_94.png?v=1758500737,Makeup,,,26.00,,TRUE,PERCENT,0,infinite,0.1,,,,,,
,Product,Cheekleaders Mini Cheek Palette,A versatile mini cheek palette featuring blush bronzer and highlighter shades. These finely milled powders blend effortlessly to add dimension warmth and a radiant glow to your complexion.,https://cdn.shopify.com/s/files/1/0766/5254/4213/files/Untitleddesign_92.png?v=1758500738,Makeup,,,36.00,,TRUE,PERCENT,0,infinite,0.15,,,,,,
,Product,Major Volume Mascara,A mascara that delivers serious volume and length with a lightweight buildable formula. The oversized brush coats every lash evenly creating bold dramatic eyes that stay flake-free all day.,https://cdn.shopify.com/s/files/1/0766/5254/4213/files/Untitleddesign_91.png?v=1758500739,Makeup,,,24.00,,TRUE,PERCENT,0,infinite,0.1,,,,,,
,Product,Sugar Tinted Lip Treatment Sunscreen SPF 15,A nourishing tinted lip balm that hydrates and protects lips with SPF 15. The sheer sugar-infused formula delivers a hint of color and a glossy finish while keeping lips soft smooth and shielded from the sun.,https://cdn.shopify.com/s/files/1/0766/5254/4213/files/Untitleddesign_89.png?v=1758500740,Lip Care,,,26.00,,TRUE,PERCENT,0,infinite,0.05,,,,,,
,Product,Jet Lag Rehydrating Face Mask,An ultra-hydrating sheet mask designed to revive tired dull skin. Infused with moisture-boosting ingredients this mask instantly refreshes and plumps your complexion leaving you with a healthy dewy glow.,https://cdn.shopify.com/s/files/1/0766/5254/4213/files/Untitleddesign_88.png?v=1758500741,Skin Care,,,8.00,,TRUE,PERCENT,0,infinite,0.05,,,,,,
,Product,Faux Filter Luminous Matte Foundation,A full-coverage foundation that delivers a flawless filtered finish with a luminous matte effect. The lightweight formula blurs imperfections and evens skin tone while staying put for up to 12 hours without oxidizing.,https://cdn.shopify.com/s/files/1/0766/5254/4213/files/Untitleddesign_80.png?v=1758500742,Makeup,,,38.00,,TRUE,PERCENT,0,infinite,0.25,,,,,,
,Product,The Everything Shower Whipped Body Scrub,A luxurious whipped body scrub that exfoliates and nourishes skin in one indulgent step. This creamy formula buffs away dead skin cells while moisturizing leaving your skin silky smooth and glowing.,https://cdn.shopify.com/s/files/1/0766/5254/4213/files/Untitleddesign_74.png?v=1758500744,Body Care,,,22.00,,TRUE,PERCENT,0,infinite,0.3,,,,,,
,Product,Luminous Silk Foundation,A weightless foundation that delivers a natural luminous finish with buildable medium coverage. Infused with light-reflecting pigments it smooths and perfects skin while maintaining a fresh breathable feel all day.,https://cdn.shopify.com/s/files/1/0766/5254/4213/files/Untitleddesign_70.png?v=1758500745,Makeup,,,64.00,,TRUE,PERCENT,0,infinite,0.3,,,,,,
,Product,Bum Bum Jet Set Travel-Size Body Cream,A fast-absorbing body cream with a warm pistachio and salted caramel scent. This travel-friendly formula deeply hydrates and visibly smooths skin while leaving behind the signature Brazilian Bum Bum fragrance.,https://cdn.shopify.com/s/files/1/0766/5254/4213/files/Untitleddesign_65.png?v=1758500746,Body Care,,,18.00,,TRUE,PERCENT,0,infinite,0.1,,,,,,
,Product,Brazilian Bum Bum Hair & Body Fragrance Mist,A luxurious hair and body mist featuring the iconic Brazilian Bum Bum scent of pistachio salted caramel and vanilla. This lightweight spray refreshes and lightly scents your hair and skin with an irresistible warm fragrance.,https://cdn.shopify.com/s/files/1/0766/5254/4213/files/Untitleddesign_64.png?v=1758500747,Fragrance,,,24.00,,TRUE,PERCENT,0,infinite,0.2,,,,,,
,Product,One Size Complexion Brush,A versatile foundation brush with densely packed synthetic bristles designed for seamless blending. This professional-quality brush works with liquid cream and powder formulas to achieve an airbrushed flawless finish.,https://cdn.shopify.com/s/files/1/0766/5254/4213/files/Untitleddesign_49.png?v=1758500748,Tools & Brushes,,,32.00,,TRUE,PERCENT,0,infinite,0.1,,,,,,
,Product,Cheeky Blush Brush,A soft fluffy brush designed for effortless blush application. The angled shape allows for precise placement and smooth blending delivering a natural-looking flush to the cheeks.,https://cdn.shopify.com/s/files/1/0766/5254/4213/files/Untitleddesign_47.png?v=1758500749,Tools & Brushes,,,24.00,,TRUE,PERCENT,0,infinite,0.08,,,,,,
,Product,Lip Contour 2.0 Automatic Matte Lip Pencil,A precision automatic lip liner that defines and shapes lips with a smooth matte finish. The creamy formula glides on effortlessly and prevents feathering for a polished long-lasting look.,https://cdn.shopify.com/s/files/1/0766/5254/4213/files/Untitleddesign_36.png?v=1758500750,Makeup,,,20.00,,TRUE,PERCENT,0,infinite,0.05,,,,,,
,Product,Better Than Sex Waterproof Mascara,The waterproof version of the cult-favorite mascara delivering extreme volume and length that won't budge. The hourglass brush coats every lash with rich pigment for bold dramatic eyes that stay flawless through sweat tears and humidity.,https://cdn.shopify.com/s/files/1/0766/5254/4213/files/Untitleddesign_12.png?v=1758500752,Makeup,,,29.00,,TRUE,PERCENT,0,infinite,0.1,,,,,,
,Product,Tatcha Rice Wash Soft Cream Cleanser,A luxurious creamy cleanser that gently melts away makeup and impurities while nourishing skin. Infused with Japanese rice powder this soft cream leaves skin feeling clean soft and beautifully balanced.,https://cdn.shopify.com/s/files/1/0766/5254/4213/files/Untitleddesign_11.png?v=1758500753,Skin Care,,,38.00,,TRUE,PERCENT,0,infinite,0.2,,,,,,
,Product,Skin Perfecting 2% BHA Liquid Exfoliant,A gentle leave-on exfoliant with salicylic acid that unclogs pores and smooths skin texture. This lightweight liquid formula helps reduce blackheads minimize breakouts and reveal a brighter more even complexion.,https://cdn.shopify.com/s/files/1/0766/5254/4213/files/Untitleddesign_5.png?v=1758500754,Skin Care,,,32.00,,TRUE,PERCENT,0,infinite,0.15,,,,,,
,Product,Daily Reviving Concentrate Face Oil,A lightweight fast-absorbing face oil that revives tired dull skin with a boost of hydration. Infused with plant extracts and essential oils this concentrate leaves skin feeling soft smooth and radiant.,https://cdn.shopify.com/s/files/1/0766/5254/4213/files/Untitleddesign_3.png?v=1758500755,Skin Care,,,42.00,,TRUE,PERCENT,0,infinite,0.1,,,,,,
,Product,Lip Sleeping Mask Intense Hydration,An overnight lip mask that deeply nourishes and repairs dry chapped lips. The rich buttery formula locks in moisture while you sleep leaving lips soft smooth and visibly plumper by morning.,https://cdn.shopify.com/s/files/1/0766/5254/4213/files/Untitled_design_100.png?v=1758500756,Lip Care,,,24.00,,TRUE,PERCENT,0,infinite,0.1,,,,,,
,Product,Dew Drops Liquid Highlighter,A concentrated liquid highlighter that adds instant radiance and a dewy glow. This lightweight formula can be mixed with foundation worn alone or layered on high points of the face for a luminous glass-skin effect.,https://cdn.shopify.com/s/files/1/0766/5254/4213/files/Untitled_800x800px_9.png?v=1758500757,Makeup,,,26.00,,TRUE,PERCENT,0,infinite,0.1,,,,,,
,Product,Highlight & Glow Face Palette,A multi-use highlighting palette featuring shimmering shades that illuminate and enhance. The silky powders blend effortlessly to create a radiant glow perfect for strobing and adding dimension to your complexion.,https://cdn.shopify.com/s/files/1/0766/5254/4213/files/Untitled_800x800px_4.png?v=1758500758,Makeup,,,42.00,,TRUE,PERCENT,0,infinite,0.2,,,,,,
,Product,KKW Beauty Classic Blossom Fragrance,A romantic floral fragrance featuring soft peony pink freesia and creamy sandalwood. This elegant scent captures timeless femininity with a modern twist making it perfect for any occasion.,https://cdn.shopify.com/s/files/1/0766/5254/4213/files/Untitled_800x800px_10.png?v=1758500759,Fragrance,,,68.00,,TRUE,PERCENT,0,infinite,0.3,,,,,,
,Product,24-Hour Brow Setter Clear Eyebrow Gel,A long-lasting clear brow gel that keeps every hair in place for up to 24 hours. The lightweight non-flaky formula tames and sets brows without stiffness giving you polished feathery arches that stay put all day.,https://cdn.shopify.com/s/files/1/0766/5254/4213/files/Untitled_800x800px_1.png?v=1758500761,Makeup,,,18.00,,TRUE,PERCENT,0,infinite,0.05,,,,,,
,Product,Clear Brow Gel,A weightless invisible brow gel that grooms and holds brows in place. The clear formula tames unruly hairs without flaking or leaving a stiff residue for natural-looking perfectly groomed brows.,https://cdn.shopify.com/s/files/1/0766/5254/4213/files/Untitled_800_x_800_px_8.png?v=1758500762,Makeup,,,14.00,,TRUE,PERCENT,0,infinite,0.05,,,,,,
,Product,Rose Inc Blush Divine Clean Radiant Cream Blush,A silky cream blush infused with skincare ingredients that delivers a natural radiant flush. The buildable formula melts into skin for a fresh dewy finish that looks healthy and glowing all day.,https://cdn.shopify.com/s/files/1/0766/5254/4213/files/Untitled_design_-_2025-09-27T181240.204.png?v=1758500763,Makeup,,,34.00,,TRUE,PERCENT,0,infinite,0.1,,,,,,
,Product,Setting Spray All Nighter Ultra Matte,A mattifying setting spray that locks makeup in place for up to 16 hours. This oil-controlling formula keeps shine at bay and prevents makeup from fading creasing or settling into fine lines.,https://cdn.shopify.com/s/files/1/0766/5254/4213/files/Untitled_design_-_2025-09-27T171125.793.png?v=1758500764,Makeup,,,34.00,,TRUE,PERCENT,0,infinite,0.15,,,,,,
,Product,Setting Spray All Nighter,A cult-favorite makeup setting spray that keeps your look locked in place for up to 16 hours. The lightweight mist prevents fading smudging and settling while maintaining a fresh just-applied finish.,https://cdn.shopify.com/s/files/1/0766/5254/4213/files/Untitled_design_-_2025-09-27T160024.444.png?v=1758500765,Makeup,,,34.00,,TRUE,PERCENT,0,infinite,0.15,,,,,,
,Product,Super Shock Highlighter,A bouncy cushion-like highlighter with an ultra-smooth texture that delivers an intense metallic glow. This unique cream-powder formula melts into skin for a luminous shimmering finish that lasts all day.,https://cdn.shopify.com/s/files/1/0766/5254/4213/files/Untitled_design_-_2025-09-27T125851.892.png?v=1758500766,Makeup,,,9.00,,TRUE,PERCENT,0,infinite,0.05,,,,,,
,Product,Super Shock Shadow,A revolutionary cream-powder eyeshadow with a unique bouncy texture that delivers intense color and long-lasting wear. The ultra-smooth formula glides on effortlessly and stays vibrant without creasing or fading.,https://cdn.shopify.com/s/files/1/0766/5254/4213/files/Untitled_design_-_2025-09-27T103955.505.png?v=1758500767,Makeup,,,8.00,,TRUE,PERCENT,0,infinite,0.05,,,,,,
,Product,Cloud Paint Seamless Cheek Color,A buildable gel-cream blush that blends seamlessly into skin for a natural flushed-from-within glow. The lightweight formula can be applied with fingers or a brush and layers beautifully without streaking.,https://cdn.shopify.com/s/files/1/0766/5254/4213/files/Untitled_design_-_2025-09-25T184555.096.png?v=1758500768,Makeup,,,20.00,,TRUE,PERCENT,0,infinite,0.05,,,,,,
,Product,Stretch Concealer Supercharged Concealer,A hydrating concealer that stretches to fit your skin delivering flexible natural-looking coverage. This creamy formula brightens and evens skin tone while moving with your face for a second-skin finish that lasts.,https://cdn.shopify.com/s/files/1/0766/5254/4213/files/Untitled_design_-_2025-09-25T184022.146.png?v=1758500769,Makeup,,,20.00,,TRUE,PERCENT,0,infinite,0.1,,,,,,
,Product,Bronzing Drops,Concentrated bronzing drops that add a customizable sun-kissed glow to your complexion. Mix with foundation moisturizer or primer to create your perfect shade of warmth and radiance.,https://cdn.shopify.com/s/files/1/0766/5254/4213/files/Untitled_design_-_2025-09-24T192341.960.png?v=1758500771,Makeup,,,28.00,,TRUE,PERCENT,0,infinite,0.1,,,,,,
,Product,Dew Skin Tinted Moisturizer,A lightweight tinted moisturizer that hydrates and evens skin tone with a natural dewy finish. This sheer breathable formula delivers a hint of coverage while nourishing skin for a healthy radiant glow.,https://cdn.shopify.com/s/files/1/0766/5254/4213/files/Untitled_design_-_2025-09-24T192245.043.png?v=1758500772,Makeup,,,30.00,,TRUE,PERCENT,0,infinite,0.15,,,,,,
,Product,Future Dew Oil Serum Hybrid,A hybrid oil-serum that combines skincare and glow in one luxurious formula. This lightweight product adds instant radiance while nourishing skin leaving you with a dewy glass-skin finish.,https://cdn.shopify.com/s/files/1/0766/5254/4213/files/Untitled_design_-_2025-09-24T184738.580.png?v=1758500773,Skin Care,,,26.00,,TRUE,PERCENT,0,infinite,0.1,,,,,,
,Product,Priming Moisturizer Rich,A rich creamy moisturizer that hydrates and primes skin for flawless makeup application. Infused with nourishing ingredients this formula smooths texture and creates a soft velvety canvas that extends makeup wear.,https://cdn.shopify.com/s/files/1/0766/5254/4213/files/Untitled_design_-_2025-09-24T171541.923.png?v=1758500774,Skin Care,,,38.00,,TRUE,PERCENT,0,infinite,0.2,,,,,,
,Product,High Coverage Creamy Concealer,A full-coverage concealer with a creamy texture that effortlessly covers dark circles blemishes and imperfections. The long-wearing formula blends seamlessly and stays crease-free for a flawless finish all day.,https://cdn.shopify.com/s/files/1/0766/5254/4213/files/Untitleddesign_96.png?v=1758500775,Makeup,,,12.00,,TRUE,PERCENT,0,infinite,0.08,,,,,,
,Product,Satin Lipstick,A luxurious lipstick with a smooth satin finish that delivers rich color and hydration. The creamy formula glides on effortlessly and keeps lips feeling soft and comfortable throughout the day.,https://cdn.shopify.com/s/files/1/0766/5254/4213/files/Untitleddesign_93.png?v=1758500776,Makeup,,,10.00,,TRUE,PERCENT,0,infinite,0.05,,,,,,
,Product,Perfect Strokes Universal Volumizing Mascara,A universal mascara that delivers dramatic volume and length to every lash type. The precision brush separates and coats each lash evenly creating bold full eyes without clumping or flaking.,https://cdn.shopify.com/s/files/1/0766/5254/4213/files/Untitleddesign_86.png?v=1758500777,Makeup,,,15.00,,TRUE,PERCENT,0,infinite,0.1,,,,,,
,Product,Precision Liquid Liner Waterproof,A waterproof liquid eyeliner with an ultra-fine tip for precise line control. The rich pigmented formula glides on smoothly and dries quickly delivering bold long-lasting color that won't smudge or fade.,https://cdn.shopify.com/s/files/1/0766/5254/4213/files/Untitleddesign_84.png?v=1758500779,Makeup,,,12.00,,TRUE,PERCENT,0,infinite,0.05,,,,,,
,Product,Precision Brow Pencil Waterproof,A waterproof eyebrow pencil with a fine tip that mimics natural hair strokes. The long-lasting formula fills in sparse areas with precision creating fuller more defined brows that stay put all day.,https://cdn.shopify.com/s/files/1/0766/5254/4213/files/Untitleddesign_81.png?v=1758500780,Makeup,,,12.00,,TRUE,PERCENT,0,infinite,0.05,,,,,,
,Product,Satin Matte Lip Crayon,A creamy lip crayon that delivers rich color with a satin-matte finish. The twist-up design makes application easy while the hydrating formula keeps lips soft and comfortable all day.,https://cdn.shopify.com/s/files/1/0766/5254/4213/files/Untitleddesign_78.png?v=1758500781,Makeup,,,10.00,,TRUE,PERCENT,0,infinite,0.05,,,,,,
,Product,Velvet Matte Cream Lip Stain,A lightweight cream lip stain that dries to a velvety matte finish. The long-wearing formula delivers intense color that stays vibrant for hours without drying out your lips.,https://cdn.shopify.com/s/files/1/0766/5254/4213/files/Untitleddesign_75.png?v=1758500782,Makeup,,,11.00,,TRUE,PERCENT,0,infinite,0.05,,,,,,
,Product,24HR Cream Color Eyeshadow,A long-wearing cream eyeshadow that delivers vibrant color for up to 24 hours. The smooth creaseless formula glides on effortlessly and can be used as a base or worn alone for a bold eye look.,https://cdn.shopify.com/s/files/1/0766/5254/4213/files/Untitleddesign_71.png?v=1758500783,Makeup,,,9.00,,TRUE,PERCENT,0,infinite,0.05,,,,,,
,Product,Sunkissed Bronzer Powder,A matte bronzer that adds natural warmth and dimension to your complexion. The finely milled formula blends seamlessly for a sun-kissed glow that looks fresh and believable.,https://cdn.shopify.com/s/files/1/0766/5254/4213/files/Untitleddesign_54.png?v=1758500784,Makeup,,,10.00,,TRUE,PERCENT,0,infinite,0.12,,,,,,
,Product,Rose Glow Blush Powder,A soft rosy blush that delivers a natural healthy flush. The buildable powder formula blends effortlessly to add color and dimension to your cheeks with a subtle radiant finish.,https://cdn.shopify.com/s/files/1/0766/5254/4213/files/Untitleddesign_52.png?v=1758500785,Makeup,,,9.00,,TRUE,PERCENT,0,infinite,0.1,,,,,,
,Product,Glow & Illuminate Highlighter,A shimmering highlighter that catches the light for an ethereal glow. The silky powder formula melts into skin delivering a luminous radiant finish that enhances your natural features.,https://cdn.shopify.com/s/files/1/0766/5254/4213/files/Untitleddesign_46.png?v=1758500786,Makeup,,,11.00,,TRUE,PERCENT,0,infinite,0.1,,,,,,
,Product,Blurring Primer Pore Minimizing,A silky primer that instantly blurs the look of pores and fine lines. This lightweight formula creates a smooth even canvas for flawless makeup application while controlling shine throughout the day.,https://cdn.shopify.com/s/files/1/0766/5254/4213/files/Untitleddesign_45.png?v=1758500788,Makeup,,,14.00,,TRUE,PERCENT,0,infinite,0.1,,,,,,
,Product,Hydrating Primer with Hyaluronic Acid,A moisture-boosting primer infused with hyaluronic acid that plumps and hydrates skin. This weightless formula creates a dewy base while extending makeup wear and keeping skin feeling fresh all day.,https://cdn.shopify.com/s/files/1/0766/5254/4213/files/Untitleddesign_43.png?v=1758500789,Makeup,,,15.00,,TRUE,PERCENT,0,infinite,0.12,,,,,,
,Product,Lash Sensational Sky High Waterproof Mascara,A waterproof mascara that delivers limitless length and volumized lashes. The Flex Tower brush bends to reach every lash from root to tip creating a full fanned-out look that resists smudging and flaking.,https://cdn.shopify.com/s/files/1/0766/5254/4213/files/Untitleddesign_37.png?v=1758500790,Makeup,,,13.00,,TRUE,PERCENT,0,infinite,0.1,,,,,,
,Product,Superstay Matte Ink Liquid Lipstick,A long-lasting liquid lipstick that delivers bold matte color for up to 16 hours. The lightweight formula glides on smoothly and sets to a transfer-proof finish that stays vibrant without drying out your lips.,https://cdn.shopify.com/s/files/1/0766/5254/4213/files/Untitleddesign_35.png?v=1758500791,Makeup,,,12.00,,TRUE,PERCENT,0,infinite,0.05,,,,,,
,Product,Fit Me Fresh Tint with SPF 50,A lightweight tinted moisturizer with SPF 50 that evens skin tone while protecting from harmful UV rays. This breathable formula delivers a natural fresh finish with sheer coverage that lasts all day.,https://cdn.shopify.com/s/files/1/0766/5254/4213/files/Untitleddesign_29.png?v=1758500792,Makeup,,,13.00,,TRUE,PERCENT,0,infinite,0.15,,,,,,
,Product,Fit Me Matte + Poreless Foundation,A mattifying foundation that blurs pores and controls shine for up to 12 hours. The lightweight oil-free formula delivers natural-looking coverage without clogging pores leaving skin with a smooth flawless finish.,https://cdn.shopify.com/s/files/1/0766/5254/4213/files/Untitleddesign_25.png?v=1758500793,Makeup,,,10.00,,TRUE,PERCENT,0,infinite,0.2,,,,,,
,Product,Instant Age Rewind Eraser Multi-Use Concealer,A cult-favorite concealer with a micro-corrector applicator that instantly erases dark circles and imperfections. The creamy formula blends effortlessly and provides brightening coverage that lasts all day.,https://cdn.shopify.com/s/files/1/0766/5254/4213/files/Untitleddesign_24.png?v=1758500795,Makeup,,,11.00,,TRUE,PERCENT,0,infinite,0.08,,,,,,
,Product,Great Lash Washable Mascara,The iconic mascara that defines and conditions lashes with buildable volume. The lash-doubling formula and precise brush coat every lash evenly for a clean natural look that's easy to remove.,https://cdn.shopify.com/s/files/1/0766/5254/4213/files/Untitleddesign_23.png?v=1758500796,Makeup,,,8.00,,TRUE,PERCENT,0,infinite,0.1,,,,,,
,Product,Lifter Gloss Hydrating Lip Gloss with Hyaluronic Acid,A hydrating lip gloss infused with hyaluronic acid that visibly plumps and smooths lips. The non-sticky formula delivers a glossy shine and a hint of color while keeping lips nourished and comfortable.,https://cdn.shopify.com/s/files/1/0766/5254/4213/files/Untitleddesign_22.png?v=1758500797,Makeup,,,10.00,,TRUE,PERCENT,0,infinite,0.08,,,,,,
,Product,Color Sensational Shaping Lip Liner,A creamy lip liner that defines and shapes lips with precision. The smooth formula glides on easily and prevents feathering while delivering rich color that complements any lipstick shade.,https://cdn.shopify.com/s/files/1/0766/5254/4213/files/Untitleddesign_21.png?v=1758500798,Makeup,,,8.00,,TRUE,PERCENT,0,inline,0.05,,,,,,
,Product,Expert Wear Eyeshadow Palette,A versatile eyeshadow palette with richly pigmented shades in complementary finishes. The silky formula blends seamlessly and stays vibrant for hours allowing you to create endless eye looks.,https://cdn.shopify.com/s/files/1/0766/5254/4213/files/Untitleddesign_16.png?v=1758500799,Makeup,,,12.00,,TRUE,PERCENT,0,infinite,0.15,,,,,,
,Product,Facestudio Master Chrome Metallic Highlighter,A high-impact metallic highlighter that delivers an intense reflective shine. The smooth powder formula melts into skin for a molten metallic glow that catches the light from every angle.,https://cdn.shopify.com/s/files/1/0766/5254/4213/files/Untitleddesign_15.png?v=1758500800,Makeup,,,11.00,,TRUE,PERCENT,0,infinite,0.1,,,,,,
,Product,Master Contour V-Shape Duo Stick,A dual-ended contour stick with creamy highlight and contour shades. This easy-to-use stick blends seamlessly to sculpt and define facial features for a perfectly chiseled look.,https://cdn.shopify.com/s/files/1/0766/5254/4213/files/Untitleddesign_14.png?v=1758500801,Makeup,,,12.00,,TRUE,PERCENT,0,infinite,0.1,,,,,,
,Product,Tattoo Studio Sharpenable Gel Pencil Eyeliner,A long-lasting gel pencil eyeliner that delivers intense color and precision. The creamy formula glides on smoothly and sets to a waterproof finish that won't smudge budge or fade for up to 36 hours.,https://cdn.shopify.com/s/files/1/0766/5254/4213/files/Untitleddesign_13.png?v=1758500802,Makeup,,,10.00,,TRUE,PERCENT,0,infinite,0.05,,,,,,
,Product,Brow Ultra Slim Defining Eyebrow Pencil,An ultra-fine eyebrow pencil that creates precise hair-like strokes. The creamy formula fills in sparse areas with natural-looking definition while the spoolie brush blends color seamlessly.,https://cdn.shopify.com/s/files/1/0766/5254/4213/files/Untitleddesign_12.png?v=1758500803,Makeup,,,10.00,,TRUE,PERCENT,0,infinite,0.05,,,,,,
,Product,Total Temptation Waterproof Mascara,A waterproof mascara infused with coconut extract that delivers soft full lashes. The comb-through brush separates and coats every lash with rich color for a dramatic yet natural-looking effect.,https://cdn.shopify.com/s/files/1/0766/5254/4213/files/Untitleddesign_11.png?v=1758500805,Makeup,,,12.00,,TRUE,PERCENT,0,infinite,0.1,,,,,,
,Product,Dream Urban Cover Flawless Coverage Foundation,A full-coverage foundation that evens skin tone and conceals imperfections with a natural matte finish. The lightweight breathable formula provides up to 12-hour wear without caking or settling into fine lines.,https://cdn.shopify.com/s/files/1/0766/5254/4213/files/Untitleddesign_9.png?v=1758500806,Makeup,,,14.00,,TRUE,PERCENT,0,infinite,0.2,,,,,,
,Product,Master Prime Blur + Smooth Primer,A lightweight blurring primer that smooths skin texture and minimizes the appearance of pores. This silky formula creates a perfect canvas for makeup while keeping your look fresh and flawless all day.,https://cdn.shopify.com/s/files/1/0766/5254/4213/files/Untitleddesign_8.png?v=1758500807,Makeup,,,13.00,,TRUE,PERCENT,0,infinite,0.1,,,,,,
,Product,Cheek Heat Sheer Gel-Cream Blush,A buildable gel-cream blush that delivers a natural flushed glow. The lightweight oil-free formula melts into skin for a seamless dewy finish that looks like you're glowing from within.,https://cdn.shopify.com/s/files/1/0766/5254/4213/files/Untitleddesign_5.png?v=1758500808,Makeup,,,12.00,,TRUE,PERCENT,0,infinite,0.1,,,,,,
,Product,City Bronzer + Contour Powder,A versatile bronzer and contour powder that adds warmth and definition to your complexion. The blendable matte formula creates a natural sun-kissed glow or sculpted look that lasts all day.,https://cdn.shopify.com/s/files/1/0766/5254/4213/files/Untitleddesign_4.png?v=1758500809,Makeup,,,11.00,,TRUE,PERCENT,0,infinite,0.12,,,,,,